7,449,21,8,19,24,25,22,22,19,24,15,17,23,26,15,23,24,24,24,24,23,24,24,1,449,,,,,,,,,,,,
yudata total ssrdata,,,Da,Ning,Ding,Wan,VH,CP,NP,MH,ML,Tai,CS,TNP,KT,DAL,HB,Wu,CH,ST,SNP,CI,JA,,,,,,,,,,,,,,
CODE,SITE,SSR01(F38),,SSR02(F411),,SSR03(F398),,SSR04(F436),,SSR05(FH3),,SSR06(FH10),,SSR07(FH47),,,,,,,,,,,,,,,,,,,,,,,
DP1,Da,19,19,31,34,33,35,15,19,7,10,19,23,1,7,,,,,,,,,,,,,,,,,,,,,,
DP2,Da,35,35,31,34,23,29,0,0,10,16,21,21,7,10,,,,,,,,,,,,,,,,,,,,,,
DP3,Da,5,7,31,34,25,27,0,0,7,10,23,31,7,10,,,,,,,,,,,,,,,,,,,,,,
DP4,Da,5,5,34,37,33,33,0,0,13,16,21,31,13,16,,,,,,,,,,,,,,,,,,,,,,
DP5,Da,13,17,28,31,27,29,0,0,10,16,31,33,7,13,,,,,,,,,,,,,,,,,,,,,,
DP6,Da,15,25,34,37,19,19,0,0,16,19,23,31,10,13,,,,,,,,,,,,,,,,,,,,,,
DP7,Da,15,17,13,31,23,27,19,19,10,16,31,33,10,16,,,,,,,,,,,,,,,,,,,,,,
DP8,Da,17,17,28,34,23,33,0,0,10,16,21,31,13,16,,,,,,,,,,,,,,,,,,,,,,
ND1,Ning,11,11,31,34,23,27,0,0,10,16,23,29,13,13,,,,,,,,,,,,,,,,,,,,,,
ND2,Ning,11,11,0,0,0,0,0,0,10,13,23,31,10,19,,,,,,,,,,,,,,,,,,,,,,
ND3,Ning,0,0,0,0,0,0,0,0,13,16,0,0,16,16,,,,,,,,,,,,,,,,,,,,,,
ND4,Ning,11,17,31,34,25,27,0,0,13,16,13,17,16,16,,,,,,,,,,,,,,,,,,,,,,
ND5,Ning,11,27,31,297,23,29,0,0,16,19,15,21,4,7,,,,,,,,,,,,,,,,,,,,,,
ND6,Ning,11,17,31,34,0,0,0,0,13,16,17,21,10,10,,,,,,,,,,,,,,,,,,,,,,
ND7,Ning,0,0,34,37,0,0,0,0,10,10,15,21,10,13,,,,,,,,,,,,,,,,,,,,,,
ND8,Ning,15,15,37,40,0,0,0,0,10,16,15,25,10,13,,,,,,,,,,,,,,,,,,,,,,
ND9,Ning,0,0,34,37,23,23,9,15,10,16,15,21,10,13,,,,,,,,,,,,,,,,,,,,,,
ND10,Ning,21,41,37,40,27,29,0,0,10,16,21,23,0,0,,,,,,,,,,,,,,,,,,,,,,
ND11,Ning,0,0,34,37,0,0,0,0,7,13,0,0,0,0,,,,,,,,,,,,,,,,,,,,,,
ND-21,Ning,9,11,28,34,31,33,20,20,16,19,13,21,16,19,,,,,,,,,,,,,,,,,,,,,,
ND-22,Ning,15,17,19,22,23,29,20,20,10,10,23,31,13,13,,,,,,,,,,,,,,,,,,,,,,
ND-23,Ning,11,13,34,34,0,0,0,0,10,16,19,21,7,13,,,,,,,,,,,,,,,,,,,,,,
ND-24,Ning,25,25,34,34,29,35,20,27,10,10,23,25,13,19,,,,,,,,,,,,,,,,,,,,,,
ND-25,Ning,1,3,31,34,0,0,0,0,7,10,19,21,7,13,,,,,,,,,,,,,,,,,,,,,,
ND-26,Ning,19,25,31,37,23,27,19,31,7,16,19,23,13,13,,,,,,,,,,,,,,,,,,,,,,
ND-27,Ning,11,13,22,43,0,0,20,20,4,19,21,23,13,13,,,,,,,,,,,,,,,,,,,,,,
ND-28,Ning,13,17,22,37,27,33,20,25,16,16,17,19,7,13,,,,,,,,,,,,,,,,,,,,,,
DA1,Ding,33,33,19,34,17,19,0,0,10,10,35,37,13,13,,,,,,,,,,,,,,,,,,,,,,
DA2,Ding,11,25,31,34,31,31,19,19,7,10,21,21,7,10,,,,,,,,,,,,,,,,,,,,,,
DA3,Ding,25,37,31,37,31,31,0,0,7,10,21,29,7,10,,,,,,,,,,,,,,,,,,,,,,
DA4,Ding,35,39,31,34,27,33,13,17,10,16,15,21,10,13,,,,,,,,,,,,,,,,,,,,,,
DA5,Ding,33,57,25,31,17,17,0,0,10,10,21,37,10,13,,,,,,,,,,,,,,,,,,,,,,
DA6,Ding,11,19,31,34,29,29,15,15,10,16,15,21,10,13,,,,,,,,,,,,,,,,,,,,,,
DA7,Ding,11,37,28,34,31,33,17,19,7,10,25,29,10,13,,,,,,,,,,,,,,,,,,,,,,
DA8,Ding,33,33,25,31,19,19,0,0,10,10,37,55,7,13,,,,,,,,,,,,,,,,,,,,,,
DA9,Ding,27,35,34,34,23,33,0,0,10,10,21,21,10,13,,,,,,,,,,,,,,,,,,,,,,
DA10,Ding,33,33,25,31,19,19,0,0,10,13,37,55,13,13,,,,,,,,,,,,,,,,,,,,,,
DA11,Ding,11,19,22,34,31,41,20,25,10,25,21,23,10,16,,,,,,,,,,,,,,,,,,,,,,
DA12,Ding,11,19,28,34,19,19,13,15,10,25,21,25,10,16,,,,,,,,,,,,,,,,,,,,,,
DA13,Ding,11,27,31,34,33,33,11,15,7,19,21,21,10,13,,,,,,,,,,,,,,,,,,,,,,
DA14,Ding,11,11,28,37,49,49,0,0,7,10,21,29,7,13,,,,,,,,,,,,,,,,,,,,,,
DA15,Ding,11,19,10,31,47,47,0,0,7,10,21,29,7,13,,,,,,,,,,,,,,,,,,,,,,
DA16,Ding,11,13,31,34,25,33,0,0,7,7,21,29,7,10,,,,,,,,,,,,,,,,,,,,,,
DA17,Ding,13,45,28,34,19,19,0,0,7,10,15,21,10,16,,,,,,,,,,,,,,,,,,,,,,
DA18,Ding,19,33,16,40,0,0,0,0,10,10,15,21,10,13,,,,,,,,,,,,,,,,,,,,,,
DA19,Ding,11,39,31,31,0,0,15,15,10,13,15,21,7,10,,,,,,,,,,,,,,,,,,,,,,
DA20,Ding,11,19,22,34,0,0,0,0,7,10,21,25,10,16,,,,,,,,,,,,,,,,,,,,,,
DA21,Ding,11,19,10,31,0,0,15,17,7,10,21,29,7,13,,,,,,,,,,,,,,,,,,,,,,
DA22,Ding,33,33,13,34,0,0,0,0,10,16,15,21,7,10,,,,,,,,,,,,,,,,,,,,,,
DA23,Ding,11,19,10,31,0,0,0,0,10,10,21,31,10,13,,,,,,,,,,,,,,,,,,,,,,
DA24,Ding,11,19,10,31,0,0,0,0,7,10,21,29,7,13,,,,,,,,,,,,,,,,,,,,,,
WN1,Wan,37,47,31,34,31,33,19,25,7,10,21,31,7,10,,,,,,,,,,,,,,,,,,,,,,
WN2,Wan,11,33,31,34,31,31,17,20,10,19,21,21,10,16,,,,,,,,,,,,,,,,,,,,,,
WN3,Wan,15,47,31,34,29,31,17,17,10,10,21,29,13,16,,,,,,,,,,,,,,,,,,,,,,
WN4,Wan,13,39,31,31,23,33,17,19,7,10,31,31,7,13,,,,,,,,,,,,,,,,,,,,,,
WN5,Wan,37,47,31,34,31,33,19,25,7,10,21,31,7,10,,,,,,,,,,,,,,,,,,,,,,
WN6,Wan,31,41,28,34,31,45,17,19,10,22,29,29,7,10,,,,,,,,,,,,,,,,,,,,,,
WN7,Wan,3,11,28,31,31,31,15,19,7,10,25,31,10,13,,,,,,,,,,,,,,,,,,,,,,
WN8,Wan,13,43,28,34,31,31,23,25,10,10,21,21,10,16,,,,,,,,,,,,,,,,,,,,,,
WN9,Wan,39,61,28,34,25,25,20,25,1,10,21,31,7,10,,,,,,,,,,,,,,,,,,,,,,
WN10,Wan,11,21,34,37,31,33,19,23,1,10,21,31,7,13,,,,,,,,,,,,,,,,,,,,,,
WN11,Wan,39,41,34,37,33,45,19,25,10,10,21,21,10,13,,,,,,,,,,,,,,,,,,,,,,
WN12,Wan,35,47,34,34,23,31,20,25,10,10,21,21,10,16,,,,,,,,,,,,,,,,,,,,,,
WN13,Wan,0,0,28,34,31,31,20,23,1,16,21,21,10,13,,,,,,,,,,,,,,,,,,,,,,
WN14,Wan,15,35,25,34,23,33,25,25,10,25,21,29,7,16,,,,,,,,,,,,,,,,,,,,,,
WN15,Wan,13,13,31,31,47,47,19,19,25,25,31,31,13,13,,,,,,,,,,,,,,,,,,,,,,
WN16,Wan,37,39,28,31,31,31,19,19,10,10,29,29,10,13,,,,,,,,,,,,,,,,,,,,,,
WN17,Wan,39,61,34,37,31,47,20,25,1,10,21,21,10,10,,,,,,,,,,,,,,,,,,,,,,
WN18,Wan,11,37,31,34,31,31,17,19,7,13,21,31,10,10,,,,,,,,,,,,,,,,,,,,,,
WN19,Wan,19,19,28,34,31,45,19,20,10,10,21,21,13,16,,,,,,,,,,,,,,,,,,,,,,
WN20,Wan,11,11,28,34,31,31,20,23,16,16,21,21,10,13,,,,,,,,,,,,,,,,,,,,,,
WN21,Wan,13,43,28,34,31,31,23,25,10,25,21,21,10,16,,,,,,,,,,,,,,,,,,,,,,
WN22,Wan,11,39,31,34,45,45,17,23,10,10,21,21,10,13,,,,,,,,,,,,,,,,,,,,,,
WN23,Wan,11,27,28,34,25,45,19,23,10,16,25,25,7,10,,,,,,,,,,,,,,,,,,,,,,
WN24,Wan,11,33,31,34,31,31,17,20,10,19,21,21,10,16,,,,,,,,,,,,,,,,,,,,,,
WN25,Wan,0,0,0,0,0,0,19,19,7,10,25,31,10,13,,,,,,,,,,,,,,,,,,,,,,
YY1,VH,21,21,31,34,0,0,19,20,10,10,21,21,10,13,,,,,,,,,,,,,,,,,,,,,,
YY2,VH,0,0,31,34,23,23,20,20,0,0,0,0,0,0,,,,,,,,,,,,,,,,,,,,,,
YY3,VH,0,0,7,34,23,39,19,20,0,0,0,0,0,0,,,,,,,,,,,,,,,,,,,,,,
YY4,VH,0,0,28,31,0,0,19,23,10,10,21,31,13,16,,,,,,,,,,,,,,,,,,,,,,
YY5,VH,0,0,34,37,25,25,20,23,0,0,0,0,0,0,,,,,,,,,,,,,,,,,,,,,,
YY6,VH,0,0,22,40,0,0,0,0,0,0,0,0,0,0,,,,,,,,,,,,,,,,,,,,,,
YY7,VH,0,0,34,40,23,23,0,0,0,0,0,0,0,0,,,,,,,,,,,,,,,,,,,,,,
YY8,VH,0,0,22,34,23,23,0,0,0,0,0,0,0,0,,,,,,,,,,,,,,,,,,,,,,
YY9,VH,9,9,34,40,31,31,15,25,10,10,21,35,13,16,,,,,,,,,,,,,,,,,,,,,,
YY10,VH,15,15,19,34,29,29,20,25,10,16,21,31,13,22,,,,,,,,,,,,,,,,,,,,,,
YY11,VH,3,9,25,28,27,27,17,23,10,10,21,27,10,10,,,,,,,,,,,,,,,,,,,,,,
YY12,VH,0,0,31,34,23,23,0,0,0,0,0,0,0,0,,,,,,,,,,,,,,,,,,,,,,
YY13,VH,0,0,31,46,19,27,25,25,10,10,37,37,13,13,,,,,,,,,,,,,,,,,,,,,,
YY14,VH,0,0,10,37,23,23,0,0,0,0,0,0,0,0,,,,,,,,,,,,,,,,,,,,,,
YY15,VH,0,0,28,31,25,25,0,0,0,0,0,0,0,0,,,,,,,,,,,,,,,,,,,,,,
YY16,VH,0,0,22,28,31,31,15,17,7,10,27,27,16,19,,,,,,,,,,,,,,,,,,,,,,
YY19,VH,0,0,25,37,23,23,19,23,10,19,15,21,13,19,,,,,,,,,,,,,,,,,,,,,,
YY20,VH,0,0,25,34,27,29,19,19,10,16,27,27,10,13,,,,,,,,,,,,,,,,,,,,,,
YY21,VH,0,0,34,37,31,31,17,27,10,19,25,31,16,19,,,,,,,,,,,,,,,,,,,,,,
YY22,VH,0,0,34,40,21,23,19,29,1,16,25,27,7,13,,,,,,,,,,,,,,,,,,,,,,
YY23,VH,0,0,37,40,25,25,17,20,16,16,19,27,10,13,,,,,,,,,,,,,,,,,,,,,,
YY24,VH,0,0,31,34,25,33,15,20,16,22,21,23,10,13,,,,,,,,,,,,,,,,,,,,,,
YC1,CP,17,21,25,31,33,35,20,29,10,16,27,43,13,19,,,,,,,,,,,,,,,,,,,,,,
YC2,CP,15,23,16,34,25,25,20,25,10,16,21,25,13,16,,,,,,,,,,,,,,,,,,,,,,
YC4,CP,3,11,34,40,23,37,20,20,10,16,19,31,10,13,,,,,,,,,,,,,,,,,,,,,,
YC5,CP,15,15,28,34,39,39,25,25,13,13,27,31,16,19,,,,,,,,,,,,,,,,,,,,,,
YC6,CP,17,17,25,34,29,33,17,19,10,16,25,31,13,19,,,,,,,,,,,,,,,,,,,,,,
YC7,CP,3,3,25,34,31,33,23,27,10,16,31,33,10,13,,,,,,,,,,,,,,,,,,,,,,
YC8,CP,11,15,34,34,19,19,19,20,10,16,23,25,10,16,,,,,,,,,,,,,,,,,,,,,,
YC9,CP,15,15,31,34,31,33,20,20,16,16,21,31,16,19,,,,,,,,,,,,,,,,,,,,,,
YC10,CP,9,17,34,34,33,33,17,23,10,10,25,49,13,16,,,,,,,,,,,,,,,,,,,,,,
YC11,CP,11,19,10,34,23,31,19,20,16,19,27,31,13,16,,,,,,,,,,,,,,,,,,,,,,
YC12,CP,3,3,16,31,31,33,19,23,10,10,21,31,10,13,,,,,,,,,,,,,,,,,,,,,,
YC13,CP,21,21,31,34,39,39,20,20,10,16,21,27,13,22,,,,,,,,,,,,,,,,,,,,,,
YC14,CP,0,0,28,34,31,33,17,20,10,19,21,27,16,19,,,,,,,,,,,,,,,,,,,,,,
YC15,CP,0,0,34,34,31,35,20,25,10,16,25,25,10,13,,,,,,,,,,,,,,,,,,,,,,
YC16,CP,0,0,28,34,25,25,19,27,10,10,9,23,10,13,,,,,,,,,,,,,,,,,,,,,,
YC17,CP,0,0,31,34,33,33,20,20,10,10,31,33,13,16,,,,,,,,,,,,,,,,,,,,,,
YC18,CP,0,0,31,40,39,39,19,20,10,19,23,31,10,13,,,,,,,,,,,,,,,,,,,,,,
YC20,CP,0,0,25,28,31,41,17,20,10,16,21,25,7,13,,,,,,,,,,,,,,,,,,,,,,
YC21,CP,15,17,28,34,31,33,20,20,1,10,21,31,13,13,,,,,,,,,,,,,,,,,,,,,,
YC22,CP,3,37,10,34,29,33,17,20,10,19,25,27,13,16,,,,,,,,,,,,,,,,,,,,,,
YC23,CP,15,15,34,37,25,25,1,17,16,19,31,31,16,19,,,,,,,,,,,,,,,,,,,,,,
YC24,CP,15,15,31,34,29,31,23,31,19,19,21,25,10,13,,,,,,,,,,,,,,,,,,,,,,
YF1,NP,15,15,19,34,29,33,19,27,10,16,23,31,7,10,,,,,,,,,,,,,,,,,,,,,,
YF3,NP,77,77,34,52,3,3,20,23,10,10,45,51,7,19,,,,,,,,,,,,,,,,,,,,,,
YF4,NP,23,23,31,34,33,33,5,20,10,19,27,31,10,10,,,,,,,,,,,,,,,,,,,,,,
YF5,NP,15,19,31,37,33,33,27,27,10,19,23,23,13,13,,,,,,,,,,,,,,,,,,,,,,
YF6,NP,23,23,25,28,23,23,25,29,10,10,23,23,16,25,,,,,,,,,,,,,,,,,,,,,,
YF7,NP,11,13,46,49,3,7,23,23,7,13,45,51,7,19,,,,,,,,,,,,,,,,,,,,,,
YF8,NP,9,11,16,40,3,3,20,23,10,10,45,51,7,19,,,,,,,,,,,,,,,,,,,,,,
YF9,NP,23,23,25,28,0,0,17,23,10,16,23,31,7,10,,,,,,,,,,,,,,,,,,,,,,
YF10,NP,67,67,31,34,1,1,19,23,10,10,45,63,7,19,,,,,,,,,,,,,,,,,,,,,,
YF11,NP,15,19,31,31,31,31,27,27,10,19,23,23,13,13,,,,,,,,,,,,,,,,,,,,,,
YF12,NP,13,13,13,34,45,45,15,17,10,10,29,31,19,19,,,,,,,,,,,,,,,,,,,,,,
YF13,NP,19,23,22,34,0,0,19,23,10,10,45,63,7,7,,,,,,,,,,,,,,,,,,,,,,
YF14,NP,11,43,31,34,25,29,20,20,16,19,21,31,10,10,,,,,,,,,,,,,,,,,,,,,,
YF15,NP,15,21,28,31,25,27,19,23,10,16,21,23,7,13,,,,,,,,,,,,,,,,,,,,,,
YF16,NP,67,79,25,34,23,27,19,23,10,10,45,63,7,7,,,,,,,,,,,,,,,,,,,,,,
YF17,NP,9,9,31,37,33,33,20,20,10,10,23,23,10,10,,,,,,,,,,,,,,,,,,,,,,
YF18,NP,23,23,31,34,33,33,5,20,10,19,27,31,10,10,,,,,,,,,,,,,,,,,,,,,,
YF19,NP,67,77,19,31,3,3,19,23,10,10,63,63,7,7,,,,,,,,,,,,,,,,,,,,,,
YF20,NP,23,35,22,31,25,31,5,17,10,25,23,27,10,13,,,,,,,,,,,,,,,,,,,,,,
MH1,MH,0,0,34,37,0,0,0,0,7,13,21,23,13,16,,,,,,,,,,,,,,,,,,,,,,
MH2,MH,0,0,31,34,29,39,19,23,4,10,15,25,10,16,,,,,,,,,,,,,,,,,,,,,,
MH3,MH,11,17,28,31,0,0,23,23,10,10,21,23,13,16,,,,,,,,,,,,,,,,,,,,,,
MH4,MH,11,31,28,28,25,25,0,0,10,10,23,25,10,19,,,,,,,,,,,,,,,,,,,,,,
MH5,MH,11,15,28,31,0,0,19,31,7,10,23,27,13,16,,,,,,,,,,,,,,,,,,,,,,
MH6,MH,33,43,28,34,31,33,0,0,7,10,23,25,13,19,,,,,,,,,,,,,,,,,,,,,,
MH7,MH,27,27,34,34,39,39,0,0,7,16,15,21,10,16,,,,,,,,,,,,,,,,,,,,,,
MH8,MH,25,29,31,34,23,25,0,0,7,10,21,25,13,19,,,,,,,,,,,,,,,,,,,,,,
MH9,MH,17,226,0,0,0,0,0,0,7,10,0,0,13,22,,,,,,,,,,,,,,,,,,,,,,
MH10,MH,7,17,28,34,0,0,0,0,4,7,0,0,13,22,,,,,,,,,,,,,,,,,,,,,,
MH11,MH,19,19,34,37,0,0,0,0,7,10,0,0,13,22,,,,,,,,,,,,,,,,,,,,,,
MH12,MH,13,19,34,37,0,0,0,0,7,16,0,0,16,22,,,,,,,,,,,,,,,,,,,,,,
MH13,MH,13,27,31,34,23,23,0,0,16,19,23,23,10,13,,,,,,,,,,,,,,,,,,,,,,
MH14,MH,13,13,31,34,23,25,0,0,10,19,15,23,10,13,,,,,,,,,,,,,,,,,,,,,,
MH15,MH,39,47,31,34,29,29,5,13,10,10,15,25,10,13,,,,,,,,,,,,,,,,,,,,,,
MH16,MH,9,9,31,34,0,0,0,0,10,10,21,23,13,16,,,,,,,,,,,,,,,,,,,,,,
MH17,MH,45,47,28,34,23,23,0,0,16,19,21,23,7,13,,,,,,,,,,,,,,,,,,,,,,
MH18,MH,27,43,25,34,23,25,0,0,10,16,21,23,13,19,,,,,,,,,,,,,,,,,,,,,,
MH19,MH,23,27,34,37,25,25,0,0,10,16,21,31,19,19,,,,,,,,,,,,,,,,,,,,,,
MH20,MH,19,19,31,34,23,23,19,29,13,16,0,0,7,13,,,,,,,,,,,,,,,,,,,,,,
MH21,MH,13,13,28,34,23,23,0,0,10,16,23,23,10,13,,,,,,,,,,,,,,,,,,,,,,
MH22,MH,19,27,31,34,0,0,0,0,19,19,25,25,13,13,,,,,,,,,,,,,,,,,,,,,,
MH23,MH,9,27,28,34,29,39,0,0,10,16,21,23,16,16,,,,,,,,,,,,,,,,,,,,,,
MH24,MH,23,27,28,34,23,33,17,19,10,16,23,23,7,13,,,,,,,,,,,,,,,,,,,,,,
ML1,ML,23,31,31,34,39,39,19,19,10,16,21,25,10,10,,,,,,,,,,,,,,,,,,,,,,
ML2,ML,9,9,31,37,29,33,20,23,10,10,21,25,10,16,,,,,,,,,,,,,,,,,,,,,,
ML3,ML,13,25,28,37,29,29,19,23,10,10,21,23,10,13,,,,,,,,,,,,,,,,,,,,,,
ML4,ML,23,29,28,31,15,31,19,20,10,16,21,27,10,19,,,,,,,,,,,,,,,,,,,,,,
ML5,ML,9,13,31,34,23,23,9,19,10,10,23,25,13,16,,,,,,,,,,,,,,,,,,,,,,
ML6,ML,13,25,37,40,0,0,0,0,10,10,23,23,13,16,,,,,,,,,,,,,,,,,,,,,,
ML7,ML,9,9,25,37,0,0,0,0,10,10,23,25,7,13,,,,,,,,,,,,,,,,,,,,,,
ML8,ML,13,13,25,34,0,0,0,0,16,19,21,21,10,13,,,,,,,,,,,,,,,,,,,,,,
ML9,ML,31,226,25,34,35,35,20,20,10,16,21,27,7,13,,,,,,,,,,,,,,,,,,,,,,
ML10,ML,13,31,31,34,0,0,0,0,10,19,15,23,13,16,,,,,,,,,,,,,,,,,,,,,,
ML11,ML,13,25,31,34,29,41,0,0,10,19,21,21,10,16,,,,,,,,,,,,,,,,,,,,,,
ML12,ML,9,25,34,40,29,31,0,0,10,10,21,23,10,16,,,,,,,,,,,,,,,,,,,,,,
MLA,ML,11,19,25,31,25,27,0,0,16,22,25,25,13,19,,,,,,,,,,,,,,,,,,,,,,
MLB,ML,13,27,28,31,29,29,19,25,10,19,0,0,13,19,,,,,,,,,,,,,,,,,,,,,,
MLC,ML,19,19,25,31,33,33,15,19,19,22,0,0,10,16,,,,,,,,,,,,,,,,,,,,,,
T51,Tai,11,17,34,34,31,33,25,25,1,10,23,31,4,16,,,,,,,,,,,,,,,,,,,,,,
T52,Tai,13,27,28,31,39,41,27,27,19,19,21,23,13,13,,,,,,,,,,,,,,,,,,,,,,
T53,Tai,25,31,19,31,0,0,27,29,10,10,0,0,13,13,,,,,,,,,,,,,,,,,,,,,,
T54,Tai,9,35,28,34,31,33,19,29,10,10,0,0,10,19,,,,,,,,,,,,,,,,,,,,,,
T55,Tai,13,13,31,34,15,41,20,27,10,19,23,27,13,16,,,,,,,,,,,,,,,,,,,,,,
T56,Tai,13,31,25,34,23,29,25,25,10,19,23,25,16,19,,,,,,,,,,,,,,,,,,,,,,
T57,Tai,13,13,31,34,0,0,19,27,10,19,23,27,13,16,,,,,,,,,,,,,,,,,,,,,,
T58,Tai,31,31,31,31,31,31,20,27,7,10,0,0,10,13,,,,,,,,,,,,,,,,,,,,,,
T59,Tai,13,27,34,37,31,31,9,27,10,16,21,23,10,13,,,,,,,,,,,,,,,,,,,,,,
T510,Tai,13,17,31,37,27,29,9,17,10,10,0,0,10,16,,,,,,,,,,,,,,,,,,,,,,
T511,Tai,9,9,31,34,31,39,20,27,10,19,23,25,16,25,,,,,,,,,,,,,,,,,,,,,,
T512,Tai,9,9,31,37,31,33,20,27,10,16,0,0,10,13,,,,,,,,,,,,,,,,,,,,,,
T513,Tai,3,3,25,28,47,49,19,25,10,16,27,29,10,13,,,,,,,,,,,,,,,,,,,,,,
T514,Tai,9,31,31,37,23,29,20,25,19,19,23,23,16,16,,,,,,,,,,,,,,,,,,,,,,
T515,Tai,9,15,0,0,25,27,0,0,13,19,0,0,10,13,,,,,,,,,,,,,,,,,,,,,,
T516,Tai,9,31,31,37,23,29,20,25,19,19,23,23,16,16,,,,,,,,,,,,,,,,,,,,,,
T517,Tai,9,29,31,37,21,25,19,25,19,19,0,0,16,16,,,,,,,,,,,,,,,,,,,,,,
T21,CS,23,37,31,37,29,41,17,17,10,19,21,23,7,10,,,,,,,,,,,,,,,,,,,,,,
T22,CS,15,29,34,40,35,37,23,25,10,10,15,21,10,13,,,,,,,,,,,,,,,,,,,,,,
T23,CS,9,31,37,43,0,0,25,25,10,19,21,23,7,10,,,,,,,,,,,,,,,,,,,,,,
T24,CS,9,13,28,37,23,31,19,19,10,19,15,21,10,13,,,,,,,,,,,,,,,,,,,,,,
T25,CS,23,29,34,34,15,39,23,25,10,10,21,23,13,19,,,,,,,,,,,,,,,,,,,,,,
T26,CS,9,23,34,37,0,0,19,19,10,16,15,23,10,16,,,,,,,,,,,,,,,,,,,,,,
T27,CS,9,9,28,37,0,0,29,29,10,16,15,21,10,13,,,,,,,,,,,,,,,,,,,,,,
T28,CS,7,13,31,34,31,31,19,20,10,16,15,21,10,13,,,,,,,,,,,,,,,,,,,,,,
T29,CS,13,31,28,31,37,39,20,20,10,10,25,31,10,13,,,,,,,,,,,,,,,,,,,,,,
T210,CS,13,35,31,37,39,39,20,27,10,10,21,23,7,16,,,,,,,,,,,,,,,,,,,,,,
T211,CS,9,9,31,37,15,25,27,29,10,19,15,21,10,13,,,,,,,,,,,,,,,,,,,,,,
T213,CS,3,27,34,37,41,41,19,25,10,10,21,31,10,13,,,,,,,,,,,,,,,,,,,,,,
T214,CS,7,7,31,34,21,27,17,19,10,19,15,21,7,10,,,,,,,,,,,,,,,,,,,,,,
T215,CS,31,35,28,31,0,0,19,20,10,10,15,21,10,13,,,,,,,,,,,,,,,,,,,,,,
T216,CS,37,49,28,31,37,37,20,25,10,10,21,23,7,19,,,,,,,,,,,,,,,,,,,,,,
T217,CS,11,19,31,34,0,0,19,19,10,19,15,21,13,19,,,,,,,,,,,,,,,,,,,,,,
T218,CS,9,9,31,40,0,0,19,23,10,10,15,21,10,13,,,,,,,,,,,,,,,,,,,,,,
T219,CS,9,37,28,37,31,33,29,29,10,10,23,25,10,13,,,,,,,,,,,,,,,,,,,,,,
T220,CS,25,27,34,37,27,29,25,31,10,10,21,23,10,13,,,,,,,,,,,,,,,,,,,,,,
T221,CS,11,17,28,34,0,0,0,0,7,10,19,23,13,19,,,,,,,,,,,,,,,,,,,,,,
T222,CS,13,25,34,37,27,29,23,23,10,19,21,25,10,13,,,,,,,,,,,,,,,,,,,,,,
T223,CS,11,17,31,31,0,0,17,17,10,10,21,23,13,19,,,,,,,,,,,,,,,,,,,,,,
T224,CS,9,29,31,31,37,37,20,23,10,10,21,23,13,19,,,,,,,,,,,,,,,,,,,,,,
T12,TNP,25,43,31,34,15,29,25,25,0,0,0,0,7,13,,,,,,,,,,,,,,,,,,,,,,
T13,TNP,31,37,25,31,29,29,23,25,0,0,0,0,13,13,,,,,,,,,,,,,,,,,,,,,,
T14,TNP,25,35,31,31,25,29,23,25,0,0,0,0,4,10,,,,,,,,,,,,,,,,,,,,,,
T15,TNP,19,27,31,31,25,39,23,25,0,0,0,0,19,19,,,,,,,,,,,,,,,,,,,,,,
T16,TNP,27,35,28,37,39,39,23,25,16,19,15,23,10,13,,,,,,,,,,,,,,,,,,,,,,
T17,TNP,29,37,25,31,29,29,19,23,10,19,15,23,7,13,,,,,,,,,,,,,,,,,,,,,,
T18,TNP,19,29,31,34,23,39,19,23,10,22,15,23,10,13,,,,,,,,,,,,,,,,,,,,,,
T19,TNP,35,35,28,37,31,31,19,25,10,16,15,23,10,13,,,,,,,,,,,,,,,,,,,,,,
T110,TNP,25,37,37,37,29,29,23,25,10,19,15,21,13,19,,,,,,,,,,,,,,,,,,,,,,
T111,TNP,19,27,31,31,25,39,20,20,16,19,25,35,7,19,,,,,,,,,,,,,,,,,,,,,,
T112,TNP,19,19,31,31,35,35,20,25,16,19,15,23,10,13,,,,,,,,,,,,,,,,,,,,,,
T113,TNP,29,41,34,34,35,35,20,20,10,16,25,31,13,19,,,,,,,,,,,,,,,,,,,,,,
T114,TNP,37,45,31,34,29,41,20,25,10,16,23,27,10,13,,,,,,,,,,,,,,,,,,,,,,
T115,TNP,23,31,34,37,31,31,19,25,10,19,15,25,10,10,,,,,,,,,,,,,,,,,,,,,,
T116,TNP,23,23,31,34,0,0,19,23,16,19,15,21,10,13,,,,,,,,,,,,,,,,,,,,,,
T117,TNP,19,37,28,37,27,39,23,23,16,19,23,31,13,19,,,,,,,,,,,,,,,,,,,,,,
T118,TNP,19,35,31,37,29,39,25,25,10,19,15,23,10,13,,,,,,,,,,,,,,,,,,,,,,
T119,TNP,19,41,25,31,23,23,25,25,10,10,15,23,7,13,,,,,,,,,,,,,,,,,,,,,,
T120,TNP,9,19,31,31,29,31,29,29,10,10,15,23,10,13,,,,,,,,,,,,,,,,,,,,,,
T121,TNP,29,35,31,31,39,39,19,25,10,16,15,23,7,13,,,,,,,,,,,,,,,,,,,,,,
T122,TNP,27,31,31,31,31,35,19,23,10,19,15,23,13,19,,,,,,,,,,,,,,,,,,,,,,
T1h1,TNP,19,35,31,37,23,23,25,25,10,10,15,23,13,19,,,,,,,,,,,,,,,,,,,,,,
T1h2,TNP,25,33,31,37,29,29,19,23,10,16,23,31,7,10,,,,,,,,,,,,,,,,,,,,,,
T1h3,TNP,19,29,31,37,15,29,23,25,10,19,15,23,10,13,,,,,,,,,,,,,,,,,,,,,,
T1h4,TNP,19,33,31,31,25,31,23,29,13,13,0,0,7,13,,,,,,,,,,,,,,,,,,,,,,
T1h5,TNP,19,31,31,37,29,29,19,25,13,25,21,21,7,13,,,,,,,,,,,,,,,,,,,,,,
YK661,KT,9,9,25,34,23,33,19,19,7,19,25,25,13,13,,,,,,,,,,,,,,,,,,,,,,
YK662,KT,9,21,22,25,23,33,19,25,16,19,23,25,13,19,,,,,,,,,,,,,,,,,,,,,,
YK663,KT,9,19,25,34,23,27,25,25,10,19,23,25,13,13,,,,,,,,,,,,,,,,,,,,,,
YK664,KT,9,9,25,34,25,35,15,23,0,0,23,25,10,13,,,,,,,,,,,,,,,,,,,,,,
YK671,KT,7,7,25,31,27,29,0,0,10,13,19,29,10,13,,,,,,,,,,,,,,,,,,,,,,
YK672,KT,9,9,28,34,25,33,19,25,10,19,25,25,10,13,,,,,,,,,,,,,,,,,,,,,,
YK681,KT,9,9,28,34,25,33,19,25,10,19,25,25,10,13,,,,,,,,,,,,,,,,,,,,,,
YK682,KT,9,19,31,34,31,33,0,0,1,10,19,21,10,13,,,,,,,,,,,,,,,,,,,,,,
YK684,KT,9,19,0,0,0,0,0,0,16,19,0,0,0,0,,,,,,,,,,,,,,,,,,,,,,
YK470,KT,9,11,28,34,27,35,19,23,19,19,23,27,7,13,,,,,,,,,,,,,,,,,,,,,,
YK471,KT,9,9,28,31,23,33,19,23,7,10,23,27,16,16,,,,,,,,,,,,,,,,,,,,,,
YK472,KT,9,19,16,25,13,33,19,25,19,19,23,23,10,10,,,,,,,,,,,,,,,,,,,,,,
YK473,KT,5,5,25,31,0,0,0,0,16,19,29,31,10,16,,,,,,,,,,,,,,,,,,,,,,
YK474,KT,15,25,0,0,0,0,0,0,10,16,23,27,10,16,,,,,,,,,,,,,,,,,,,,,,
YK475,KT,17,25,0,0,0,0,0,0,7,10,19,29,10,13,,,,,,,,,,,,,,,,,,,,,,
YL1,DAL,9,9,25,31,25,49,20,33,10,16,21,25,13,16,,,,,,,,,,,,,,,,,,,,,,
YL3,DAL,7,43,25,46,33,33,27,33,10,10,25,25,13,13,,,,,,,,,,,,,,,,,,,,,,
YL4,DAL,7,9,19,34,23,29,25,35,7,19,23,23,13,13,,,,,,,,,,,,,,,,,,,,,,
YL5,DAL,7,7,16,25,23,27,23,23,19,19,23,25,13,13,,,,,,,,,,,,,,,,,,,,,,
YL6,DAL,7,9,22,28,23,33,23,35,10,19,25,25,13,13,,,,,,,,,,,,,,,,,,,,,,
YL7,DAL,9,9,25,31,25,49,20,20,19,19,21,25,13,16,,,,,,,,,,,,,,,,,,,,,,
YL8,DAL,9,9,28,31,25,33,20,23,19,19,25,25,13,16,,,,,,,,,,,,,,,,,,,,,,
YL9,DAL,9,41,19,40,23,29,29,31,10,22,23,23,13,13,,,,,,,,,,,,,,,,,,,,,,
YL10,DAL,9,31,25,34,29,33,19,19,19,19,25,25,13,16,,,,,,,,,,,,,,,,,,,,,,
YL11,DAL,9,9,28,40,25,25,19,25,19,19,25,27,13,13,,,,,,,,,,,,,,,,,,,,,,
YL12,DAL,7,41,25,37,23,25,20,29,10,19,23,31,10,16,,,,,,,,,,,,,,,,,,,,,,
YL13,DAL,7,9,19,40,25,27,17,19,10,19,23,25,10,16,,,,,,,,,,,,,,,,,,,,,,
YL14,DAL,7,9,25,34,25,33,25,33,10,10,23,35,13,16,,,,,,,,,,,,,,,,,,,,,,
YL15,DAL,9,9,34,46,23,33,20,35,16,19,23,23,13,13,,,,,,,,,,,,,,,,,,,,,,
YL16,DAL,9,9,28,34,25,37,23,25,10,19,25,25,13,13,,,,,,,,,,,,,,,,,,,,,,
YL17,DAL,9,9,34,37,25,35,7,17,19,22,25,27,10,16,,,,,,,,,,,,,,,,,,,,,,
YL18,DAL,7,9,31,40,25,27,17,19,10,19,23,25,10,16,,,,,,,,,,,,,,,,,,,,,,
YL19,DAL,9,9,34,37,25,35,7,17,19,22,25,27,10,16,,,,,,,,,,,,,,,,,,,,,,
YL20,DAL,7,7,31,40,37,37,19,29,10,19,23,25,13,13,,,,,,,,,,,,,,,,,,,,,,
YL21,DAL,9,9,25,31,25,49,20,33,19,19,21,25,13,16,,,,,,,,,,,,,,,,,,,,,,
YL22,DAL,9,9,25,31,25,49,20,33,19,19,21,25,13,16,,,,,,,,,,,,,,,,,,,,,,
YL23,DAL,9,9,25,31,25,49,20,33,19,19,21,25,13,16,,,,,,,,,,,,,,,,,,,,,,
YL24,DAL,7,7,25,28,25,49,23,23,10,19,25,27,13,13,,,,,,,,,,,,,,,,,,,,,,
YH1,HB,9,9,28,34,25,31,0,0,10,10,21,25,13,13,,,,,,,,,,,,,,,,,,,,,,
YH2,HB,9,9,34,40,25,27,19,19,13,16,25,27,13,13,,,,,,,,,,,,,,,,,,,,,,
YH3,HB,9,9,28,34,23,33,23,25,10,16,21,23,13,13,,,,,,,,,,,,,,,,,,,,,,
YH4,HB,9,9,28,34,27,31,0,0,10,10,25,25,13,13,,,,,,,,,,,,,,,,,,,,,,
YH5,HB,9,15,34,34,27,35,23,23,16,16,25,25,13,13,,,,,,,,,,,,,,,,,,,,,,
YH6,HB,9,9,28,34,35,37,25,25,10,19,25,27,13,13,,,,,,,,,,,,,,,,,,,,,,
YH7,HB,0,0,28,37,23,25,20,31,10,16,25,25,13,13,,,,,,,,,,,,,,,,,,,,,,
YH8,HB,0,0,28,40,25,31,20,29,10,19,25,25,10,13,,,,,,,,,,,,,,,,,,,,,,
YH9,HB,0,0,31,34,0,0,0,0,10,13,19,23,4,7,,,,,,,,,,,,,,,,,,,,,,
YH10,HB,0,0,25,34,25,35,23,33,10,10,23,25,13,13,,,,,,,,,,,,,,,,,,,,,,
YH11,HB,0,0,31,34,25,31,25,25,10,19,23,25,7,13,,,,,,,,,,,,,,,,,,,,,,
YH12,HB,0,0,31,34,25,31,25,35,10,19,23,25,13,13,,,,,,,,,,,,,,,,,,,,,,
YH13,HB,0,0,34,34,25,25,20,31,10,19,25,27,13,13,,,,,,,,,,,,,,,,,,,,,,
YH14,HB,0,0,28,34,25,37,33,35,10,10,25,25,13,13,,,,,,,,,,,,,,,,,,,,,,
YH15,HB,0,0,25,34,25,29,20,25,10,19,25,25,10,13,,,,,,,,,,,,,,,,,,,,,,
YH16,HB,0,0,25,34,25,27,23,23,10,16,25,27,13,13,,,,,,,,,,,,,,,,,,,,,,
YH17,HB,0,0,34,40,23,33,23,25,10,10,21,23,13,16,,,,,,,,,,,,,,,,,,,,,,
YH18,HB,0,0,34,37,29,31,20,31,16,25,25,27,13,13,,,,,,,,,,,,,,,,,,,,,,
YH19,HB,0,0,31,40,1,1,20,31,10,10,23,25,13,13,,,,,,,,,,,,,,,,,,,,,,
YH20,HB,0,0,31,40,0,0,23,31,10,19,25,25,10,16,,,,,,,,,,,,,,,,,,,,,,
YH21,HB,0,0,28,31,0,0,19,20,10,10,25,25,10,13,,,,,,,,,,,,,,,,,,,,,,
YH22,HB,0,0,28,34,0,0,19,20,10,10,25,25,13,16,,,,,,,,,,,,,,,,,,,,,,
YH23,HB,0,0,31,40,33,33,23,25,10,10,25,25,13,13,,,,,,,,,,,,,,,,,,,,,,
YH24,HB,9,17,25,34,35,37,19,23,10,19,21,25,13,13,,,,,,,,,,,,,,,,,,,,,,
T13-1,Wu,9,13,34,34,0,0,20,29,10,19,23,25,13,16,,,,,,,,,,,,,,,,,,,,,,
T13-2,Wu,7,9,31,37,0,0,19,29,10,19,23,27,7,10,,,,,,,,,,,,,,,,,,,,,,
T13-3,Wu,9,19,34,40,0,0,19,23,13,19,25,27,13,16,,,,,,,,,,,,,,,,,,,,,,
T13-4,Wu,11,15,40,40,33,35,19,20,7,10,23,25,13,13,,,,,,,,,,,,,,,,,,,,,,
T13-5,Wu,7,9,40,40,0,0,20,23,19,19,25,27,10,13,,,,,,,,,,,,,,,,,,,,,,
T13-6,Wu,7,9,34,34,25,27,20,29,10,19,23,25,13,16,,,,,,,,,,,,,,,,,,,,,,
T13-7,Wu,13,15,34,34,33,35,20,27,16,19,23,27,10,13,,,,,,,,,,,,,,,,,,,,,,
T13-8,Wu,11,15,34,34,25,33,20,27,10,19,23,25,10,13,,,,,,,,,,,,,,,,,,,,,,
T13-9,Wu,7,9,34,34,23,25,20,29,19,19,23,23,10,16,,,,,,,,,,,,,,,,,,,,,,
T13-10,Wu,7,9,16,25,33,35,19,23,10,19,25,25,10,13,,,,,,,,,,,,,,,,,,,,,,
T13-11,Wu,7,9,34,34,35,39,20,27,7,19,23,25,10,13,,,,,,,,,,,,,,,,,,,,,,
T13-12,Wu,9,9,25,40,25,35,23,20,16,19,23,25,10,16,,,,,,,,,,,,,,,,,,,,,,
T13-13,Wu,9,13,34,34,25,29,19,27,10,16,23,25,13,13,,,,,,,,,,,,,,,,,,,,,,
T13-14,Wu,7,9,34,34,23,27,33,27,16,19,23,23,7,16,,,,,,,,,,,,,,,,,,,,,,
T13-15,Wu,9,11,25,31,25,35,20,20,4,10,23,23,16,19,,,,,,,,,,,,,,,,,,,,,,
T13-16,Wu,9,13,34,34,33,35,19,27,16,19,23,25,13,13,,,,,,,,,,,,,,,,,,,,,,
T13-17,Wu,11,13,25,31,29,33,20,20,4,10,23,23,13,13,,,,,,,,,,,,,,,,,,,,,,
T13-18,Wu,9,9,31,31,25,37,23,25,10,19,23,27,13,13,,,,,,,,,,,,,,,,,,,,,,
T13-19,Wu,3,11,34,34,23,27,27,31,16,19,23,31,13,16,,,,,,,,,,,,,,,,,,,,,,
T13-20,Wu,9,11,34,34,23,23,15,15,10,16,23,25,13,16,,,,,,,,,,,,,,,,,,,,,,
T13-21,Wu,3,9,31,34,35,41,17,31,16,19,23,25,13,16,,,,,,,,,,,,,,,,,,,,,,
T13-22,Wu,9,13,34,40,33,35,23,27,10,19,23,25,13,16,,,,,,,,,,,,,,,,,,,,,,
T13-23,Wu,9,25,34,34,25,29,25,31,16,19,23,25,10,13,,,,,,,,,,,,,,,,,,,,,,
T13-24,Wu,9,19,25,34,37,37,20,23,4,19,23,25,13,13,,,,,,,,,,,,,,,,,,,,,,
T10-1,CH,9,27,22,40,31,35,17,29,16,19,25,25,10,13,,,,,,,,,,,,,,,,,,,,,,
T10-2,CH,7,9,40,40,33,35,17,27,16,19,25,25,13,13,,,,,,,,,,,,,,,,,,,,,,
T10-3,CH,9,25,19,37,0,0,0,0,10,19,19,21,7,13,,,,,,,,,,,,,,,,,,,,,,
T10-4,CH,7,9,34,34,0,0,0,0,19,19,19,23,10,13,,,,,,,,,,,,,,,,,,,,,,
T10-5,CH,9,11,25,34,33,35,25,25,19,19,23,31,13,13,,,,,,,,,,,,,,,,,,,,,,
T10-6,CH,11,13,28,37,27,33,19,29,19,19,25,25,10,10,,,,,,,,,,,,,,,,,,,,,,
T10-7,CH,7,9,19,31,0,0,19,19,19,19,25,25,10,13,,,,,,,,,,,,,,,,,,,,,,
T10-8,CH,7,9,34,34,31,33,20,20,19,19,25,25,10,13,,,,,,,,,,,,,,,,,,,,,,
T10-9,CH,7,9,25,25,35,35,23,29,16,19,25,25,10,13,,,,,,,,,,,,,,,,,,,,,,
T10-10,CH,7,9,34,34,0,0,19,20,16,19,25,27,10,13,,,,,,,,,,,,,,,,,,,,,,
T10-11,CH,9,13,34,34,0,0,17,17,19,19,25,25,13,16,,,,,,,,,,,,,,,,,,,,,,
T10-12,CH,7,9,28,28,0,0,17,17,19,19,25,25,13,13,,,,,,,,,,,,,,,,,,,,,,
T10-13,CH,7,9,34,34,0,0,17,27,16,19,13,25,13,13,,,,,,,,,,,,,,,,,,,,,,
T10-14,CH,9,11,34,34,0,0,17,23,16,19,13,25,13,13,,,,,,,,,,,,,,,,,,,,,,
T10-15,CH,9,11,28,34,0,0,27,27,7,10,25,25,10,13,,,,,,,,,,,,,,,,,,,,,,
T10-16,CH,9,13,0,0,0,0,20,20,10,19,13,21,10,16,,,,,,,,,,,,,,,,,,,,,,
T10-17,CH,7,9,22,22,0,0,17,27,10,19,19,25,13,16,,,,,,,,,,,,,,,,,,,,,,
T10-18,CH,11,15,37,40,0,0,0,0,19,25,21,27,10,13,,,,,,,,,,,,,,,,,,,,,,
T10-19,CH,9,9,22,28,0,0,19,0,19,19,19,25,10,16,,,,,,,,,,,,,,,,,,,,,,
T10-20,CH,7,9,34,40,0,0,17,27,10,19,25,27,10,16,,,,,,,,,,,,,,,,,,,,,,
T10-21,CH,7,9,46,46,0,0,27,25,19,19,25,25,13,16,,,,,,,,,,,,,,,,,,,,,,
T10-22,CH,9,11,34,34,0,0,27,27,19,19,25,25,13,13,,,,,,,,,,,,,,,,,,,,,,
T10-23,CH,7,9,25,31,0,0,17,35,19,19,23,25,13,13,,,,,,,,,,,,,,,,,,,,,,
T10-24,CH,9,13,25,25,0,0,17,29,16,19,25,25,16,16,,,,,,,,,,,,,,,,,,,,,,
T7-1,ST,43,47,25,25,27,27,20,25,16,16,23,23,10,19,,,,,,,,,,,,,,,,,,,,,,
T7-2,ST,35,41,22,25,27,27,20,29,16,19,23,25,10,10,,,,,,,,,,,,,,,,,,,,,,
T7-3,ST,7,9,25,40,27,27,25,27,16,19,23,27,10,10,,,,,,,,,,,,,,,,,,,,,,
T7-4,ST,41,43,40,40,27,27,25,25,10,16,23,23,10,13,,,,,,,,,,,,,,,,,,,,,,
T7-5,ST,43,49,25,40,27,27,15,15,16,19,23,25,10,19,,,,,,,,,,,,,,,,,,,,,,
T7-6,ST,25,47,19,37,27,27,23,37,16,19,23,23,10,10,,,,,,,,,,,,,,,,,,,,,,
T7-7,ST,7,9,40,40,27,27,15,17,16,16,23,23,10,19,,,,,,,,,,,,,,,,,,,,,,
T7-8,ST,9,11,22,40,27,27,27,29,16,19,23,25,10,19,,,,,,,,,,,,,,,,,,,,,,
T7-9,ST,25,29,40,40,0,0,15,19,10,16,23,23,10,19,,,,,,,,,,,,,,,,,,,,,,
T7-10,ST,41,43,10,40,27,27,19,23,16,19,23,27,19,19,,,,,,,,,,,,,,,,,,,,,,
T7-11,ST,7,9,31,40,27,27,20,23,16,19,25,25,10,10,,,,,,,,,,,,,,,,,,,,,,
T7-12,ST,9,11,34,40,27,27,23,25,16,19,19,23,10,10,,,,,,,,,,,,,,,,,,,,,,
T7-13,ST,45,49,25,37,27,27,27,29,25,28,23,23,10,10,,,,,,,,,,,,,,,,,,,,,,
T7-14,ST,29,35,40,40,27,33,15,20,16,16,23,23,10,10,,,,,,,,,,,,,,,,,,,,,,
T7-15,ST,9,11,25,40,27,27,25,27,16,19,23,23,10,13,,,,,,,,,,,,,,,,,,,,,,
T7-16,ST,47,49,10,40,27,27,20,20,16,19,23,23,10,10,,,,,,,,,,,,,,,,,,,,,,
T7-17,ST,47,49,13,31,27,27,15,17,16,19,23,25,10,10,,,,,,,,,,,,,,,,,,,,,,
T7-18,ST,9,11,22,37,27,27,15,25,19,19,23,23,10,16,,,,,,,,,,,,,,,,,,,,,,
T7-19,ST,9,11,31,34,27,27,15,23,0,0,23,23,10,10,,,,,,,,,,,,,,,,,,,,,,
T7-20,ST,19,27,22,25,27,27,35,37,16,16,23,25,10,10,,,,,,,,,,,,,,,,,,,,,,
T7-21,ST,9,39,22,40,27,27,23,29,19,19,19,23,10,10,,,,,,,,,,,,,,,,,,,,,,
T7-22,ST,45,47,22,25,27,27,25,25,19,22,23,25,13,19,,,,,,,,,,,,,,,,,,,,,,
T7-23,ST,29,35,25,37,27,29,20,25,19,19,23,27,10,10,,,,,,,,,,,,,,,,,,,,,,
T7-24,ST,11,35,40,40,27,27,19,25,16,19,23,23,10,19,,,,,,,,,,,,,,,,,,,,,,
XJP2,SNP,17,25,25,34,31,31,17,17,10,10,25,25,10,10,,,,,,,,,,,,,,,,,,,,,,
XJP3,SNP,17,19,25,31,31,31,17,20,7,7,23,25,10,10,,,,,,,,,,,,,,,,,,,,,,
XJP4,SNP,17,19,25,31,31,33,17,17,7,10,23,27,10,10,,,,,,,,,,,,,,,,,,,,,,
XJP5,SNP,19,19,25,28,31,31,17,19,10,10,23,29,10,10,,,,,,,,,,,,,,,,,,,,,,
XJP6,SNP,17,17,1,25,31,31,23,29,7,10,23,25,10,10,,,,,,,,,,,,,,,,,,,,,,
XJP7,SNP,17,19,25,25,31,33,29,29,7,10,23,31,10,10,,,,,,,,,,,,,,,,,,,,,,
XJP8,SNP,17,19,22,31,31,31,17,20,10,10,25,25,10,13,,,,,,,,,,,,,,,,,,,,,,
XJP9,SNP,17,35,28,28,31,47,23,25,10,10,25,27,10,13,,,,,,,,,,,,,,,,,,,,,,
XJP10,SNP,19,19,7,28,31,31,17,20,7,7,23,25,10,10,,,,,,,,,,,,,,,,,,,,,,
XJP11,SNP,19,19,7,28,31,47,20,20,7,10,25,25,10,10,,,,,,,,,,,,,,,,,,,,,,
XJP12,SNP,17,19,16,25,17,45,17,19,7,7,29,29,10,10,,,,,,,,,,,,,,,,,,,,,,
XJP13,SNP,17,19,7,16,31,53,17,17,7,10,23,29,10,10,,,,,,,,,,,,,,,,,,,,,,
XJP14,SNP,17,19,16,28,31,45,17,20,7,10,25,29,10,10,,,,,,,,,,,,,,,,,,,,,,
XJP15,SNP,19,35,25,28,31,31,25,29,7,10,25,25,10,10,,,,,,,,,,,,,,,,,,,,,,
XJP16,SNP,19,19,22,25,45,47,17,25,7,7,23,25,10,10,,,,,,,,,,,,,,,,,,,,,,
XJP17,SNP,19,19,7,25,31,31,17,23,7,10,25,31,10,10,,,,,,,,,,,,,,,,,,,,,,
XJP18,SNP,19,19,1,31,31,45,17,27,7,10,25,25,10,10,,,,,,,,,,,,,,,,,,,,,,
XJP19,SNP,17,19,1,31,49,49,29,29,7,7,25,25,10,10,,,,,,,,,,,,,,,,,,,,,,
XJP20,SNP,19,19,1,31,31,31,29,29,7,10,23,25,10,10,,,,,,,,,,,,,,,,,,,,,,
XJP21,SNP,19,19,7,25,31,33,17,17,4,10,23,25,10,10,,,,,,,,,,,,,,,,,,,,,,
XJP22,SNP,17,35,28,34,29,31,23,29,7,7,25,25,10,10,,,,,,,,,,,,,,,,,,,,,,
XJP23,SNP,19,19,25,34,31,33,17,17,1,10,23,25,10,10,,,,,,,,,,,,,,,,,,,,,,
XJP24,SNP,35,35,25,31,31,33,17,20,10,10,23,23,10,13,,,,,,,,,,,,,,,,,,,,,,
I2-1,CI,15 ,17 ,10,275,33,35,9,9,10,10,13,25,28,31,,,,,,,,,,,,,,,,,,,,,,
I2-2,CI,9 ,9 ,28,40,25,33,17,27,10,10,29,29,13,13,,,,,,,,,,,,,,,,,,,,,,
I2-3,CI,9 ,9 ,28,34,25,27,17,27,10,10,25,25,10,10,,,,,,,,,,,,,,,,,,,,,,
I2-4,CI,7 ,9 ,28,40,25,25,17,17,10,19,25,29,10,10,,,,,,,,,,,,,,,,,,,,,,
I2-5,CI,7 ,9 ,28,28,25,37,17,19,10,19,25,25,10,10,,,,,,,,,,,,,,,,,,,,,,
I2-6,CI,7 ,9 ,28,28,25,33,25,27,10,10,25,25,13,13,,,,,,,,,,,,,,,,,,,,,,
I2-7,CI,7 ,9 ,28,28,25,37,17,19,10,19,25,25,13,13,,,,,,,,,,,,,,,,,,,,,,
I2-8,CI,7 ,9 ,34,40,31,33,23,25,10,10,25,25,13,13,,,,,,,,,,,,,,,,,,,,,,
I2-9,CI,7 ,9 ,28,34,25,27,17,27,10,10,13,25,13,13,,,,,,,,,,,,,,,,,,,,,,
I2-10,CI,7 ,9 ,34,40,27,33,19,20,10,19,1,25,13,13,,,,,,,,,,,,,,,,,,,,,,
I2-11,CI,9 ,9 ,28,34,25,33,17,25,10,10,25,25,13,13,,,,,,,,,,,,,,,,,,,,,,
I2-12,CI,7 ,9 ,40,40,25,27,17,20,10,10,25,25,13,22,,,,,,,,,,,,,,,,,,,,,,
I2-13,CI,7 ,9 ,34,40,25,33,17,27,10,19,25,25,13,13,,,,,,,,,,,,,,,,,,,,,,
I2-14,CI,7 ,9 ,28,28,25,25,27,27,10,10,25,25,13,13,,,,,,,,,,,,,,,,,,,,,,
I2-15,CI,9 ,9 ,19,28,25,25,19,20,10,19,25,25,13,13,,,,,,,,,,,,,,,,,,,,,,
I2-16,CI,7 ,9 ,28,34,25,33,27,27,10,19,23,25,13,13,,,,,,,,,,,,,,,,,,,,,,
I2-17,CI,7 ,9 ,19,22,25,27,19,25,10,10,1,25,10,10,,,,,,,,,,,,,,,,,,,,,,
I2-18,CI,13 ,15 ,0,0,19,19,19,19,10,10,53,55,13,13,,,,,,,,,,,,,,,,,,,,,,
I2-19,CI,9 ,9 ,34,34,25,27,17,17,19,19,13,25,13,13,,,,,,,,,,,,,,,,,,,,,,
I2-20,CI,15 ,19 ,25,28,33,37,23,31,10,19,15,27,19,22,,,,,,,,,,,,,,,,,,,,,,
I2-21,CI,7 ,9 ,28,34,25,27,19,29,10,19,25,29,13,13,,,,,,,,,,,,,,,,,,,,,,
I2-22,CI,7 ,9 ,28,40,25,33,25,29,10,10,25,25,13,13,,,,,,,,,,,,,,,,,,,,,,
I2-23,CI,9 ,9 ,34,34,25,27,25,27,19,19,13,25,13,13,,,,,,,,,,,,,,,,,,,,,,
I2-24,CI,7 ,9 ,28,34,25,27,17,29,10,10,25,29,13,13,,,,,,,,,,,,,,,,,,,,,,
I9-1,JA,7,9,19,34,33,37,25,27,10,10,25,29,13,13,,,,,,,,,,,,,,,,,,,,,,
I9-2,JA,7,9,19,19,33,37,25,27,10,10,25,29,10,10,,,,,,,,,,,,,,,,,,,,,,
I9-3,JA,7,9,0,0,25,33,17,25,10,10,25,29,10,10,,,,,,,,,,,,,,,,,,,,,,
I9-4,JA,7,9,19,34,33,37,23,25,10,10,25,29,13,13,,,,,,,,,,,,,,,,,,,,,,
I9-5,JA,7,9,19,34,0,0,17,19,10,10,1,25,13,13,,,,,,,,,,,,,,,,,,,,,,
I9-6,JA,3,7,34,40,23,23,17,27,10,10,23,25,13,13,,,,,,,,,,,,,,,,,,,,,,
I9-7,JA,7,9,34,34,23,33,25,27,10,19,25,29,7,7,,,,,,,,,,,,,,,,,,,,,,
I9-8,JA,5,13,34,34,23,33,25,27,10,19,25,29,13,13,,,,,,,,,,,,,,,,,,,,,,
I9-9,JA,7,9,0,0,33,33,27,27,10,10,25,25,10,10,,,,,,,,,,,,,,,,,,,,,,
I9-10,JA,7,9,13,13,25,27,17,25,10,10,25,25,13,13,,,,,,,,,,,,,,,,,,,,,,
I9-11,JA,7,9,37,37,25,33,25,25,10,10,25,25,13,13,,,,,,,,,,,,,,,,,,,,,,
I9-12,JA,7,9,10,37,25,33,25,25,10,10,25,25,13,13,,,,,,,,,,,,,,,,,,,,,,
I9-13,JA,7,9,40,40,31,33,20,23,10,19,25,25,10,10,,,,,,,,,,,,,,,,,,,,,,
I9-14,JA,7,9,13,13,25,25,23,25,10,19,25,25,10,10,,,,,,,,,,,,,,,,,,,,,,
I9-15,JA,7,9,31,31,27,37,25,27,10,10,25,25,13,13,,,,,,,,,,,,,,,,,,,,,,
I9-16,JA,7,9,34,37,27,27,17,23,10,19,25,25,13,13,,,,,,,,,,,,,,,,,,,,,,
I9-17,JA,7,9,22,31,25,25,19,27,16,19,25,25,10,13,,,,,,,,,,,,,,,,,,,,,,
I9-18,JA,7,9,31,34,33,37,23,25,10,10,25,31,10,16,,,,,,,,,,,,,,,,,,,,,,
I9-19,JA,7,9,13,37,25,27,25,27,10,10,1,25,13,13,,,,,,,,,,,,,,,,,,,,,,
I9-20,JA,7,9,43,43,25,25,19,27,10,19,25,25,10,10,,,,,,,,,,,,,,,,,,,,,,
I9-21,JA,7,9,40,40,27,27,17,23,10,19,25,25,10,10,,,,,,,,,,,,,,,,,,,,,,
I9-22,JA,7,9,31,31,27,33,17,25,10,10,1,25,10,10,,,,,,,,,,,,,,,,,,,,,,
I9-23,JA,7,9,31,31,25,27,17,25,10,10,25,25,10,10,,,,,,,,,,,,,,,,,,,,,,
I9-24,JA,7,9,37,37,25,27,17,25,10,10,25,25,13,13,,,,,,,,,,,,,,,,,,,,,,
,,,,,,,,,,,,,,,,,,,,,,,,,,,,,,,,,,,,,
,,,,,,,,,,,,,,,,,,,,,,,,,,,,,,,,,,,,,
,,,,,,,,,,,,,,,,,,,,,,,,,,,,,,,,,,,,,
,,,,,,,,,,,,,,,,,,,,,,,,,,,,,,,,,,,,,
,,,,,,,,,,,,,,,,,,,,,,,,,,,,,,,,,,,,,
,,,,,,,,,,,,,,,,,,,,,,,,,,,,,,,,,,,,,
,,,,,,,,,,,,,,,,,,,,,,,,,,,,,,,,,,,,,
,,,,,,,,,,,,,,,,,,,,,,,,,,,,,,,,,,,,,
,,,,,,,,,,,,,,,,,,,,,,,,,,,,,,,,,,,,,
,,,,,,,,,,,,,,,,,,,,,,,,,,,,,,,,,,,,,
,,,,,,,,,,,,,,,,,,,,,,,,,,,,,,,,,,,,,
,,,,,,,,,,,,,,,,,,,,,,,,,,,,,,,,,,,,,
,,,,,,,,,,,,,,,,,,,,,,,,,,,,,,,,,,,,,
,,,,,,,,,,,,,,,,,,,,,,,,,,,,,,,,,,,,,
,,,,,,,,,,,,,,,,,,,,,,,,,,,,,,,,,,,,,
,,,,,,,,,,,,,,,,,,,,,,,,,,,,,,,,,,,,,
,,,,,,,,,,,,,,,,,,,,,,,,,,,,,,,,,,,,,
,,,,,,,,,,,,,,,,,,,,,,,,,,,,,,,,,,,,,
,,,,,,,,,,,,,,,,,,,,,,,,,,,,,,,,,,,,,
,,,,,,,,,,,,,,,,,,,,,,,,,,,,,,,,,,,,,
,,,,,,,,,,,,,,,,,,,,,,,,,,,,,,,,,,,,,
,,,,,,,,,,,,,,,,,,,,,,,,,,,,,,,,,,,,,
,,,,,,,,,,,,,,,,,,,,,,,,,,,,,,,,,,,,,
,,,,,,,,,,,,,,,,,,,,,,,,,,,,,,,,,,,,,
,,,,,,,,,,,,,,,,,,,,,,,,,,,,,,,,,,,,,
,,,,,,,,,,,,,,,,,,,,,,,,,,,,,,,,,,,,,
,,,,,,,,,,,,,,,,,,,,,,,,,,,,,,,,,,,,,
,,,,,,,,,,,,,,,,,,,,,,,,,,,,,,,,,,,,,
,,,,,,,,,,,,,,,,,,,,,,,,,,,,,,,,,,,,,
,,,,,,,,,,,,,,,,,,,,,,,,,,,,,,,,,,,,,
,,,,,,,,,,,,,,,,,,,,,,,,,,,,,,,,,,,,,
,,,,,,,,,,,,,,,,,,,,,,,,,,,,,,,,,,,,,
,,,,,,,,,,,,,,,,,,,,,,,,,,,,,,,,,,,,,
,,,,,,,,,,,,,,,,,,,,,,,,,,,,,,,,,,,,,
,,,,,,,,,,,,,,,,,,,,,,,,,,,,,,,,,,,,,
,,,,,,,,,,,,,,,,,,,,,,,,,,,,,,,,,,,,,
,,,,,,,,,,,,,,,,,,,,,,,,,,,,,,,,,,,,,
,,,,,,,,,,,,,,,,,,,,,,,,,,,,,,,,,,,,,
,,,,,,,,,,,,,,,,,,,,,,,,,,,,,,,,,,,,,
,,,,,,,,,,,,,,,,,,,,,,,,,,,,,,,,,,,,,
,,,,,,,,,,,,,,,,,,,,,,,,,,,,,,,,,,,,,
,,,,,,,,,,,,,,,,,,,,,,,,,,,,,,,,,,,,,
,,,,,,,,,,,,,,,,,,,,,,,,,,,,,,,,,,,,,
,,,,,,,,,,,,,,,,,,,,,,,,,,,,,,,,,,,,,
,,,,,,,,,,,,,,,,,,,,,,,,,,,,,,,,,,,,,
,,,,,,,,,,,,,,,,,,,,,,,,,,,,,,,,,,,,,
,,,,,,,,,,,,,,,,,,,,,,,,,,,,,,,,,,,,,
,,,,,,,,,,,,,,,,,,,,,,,,,,,,,,,,,,,,,
,,,,,,,,,,,,,,,,,,,,,,,,,,,,,,,,,,,,,
,,,,,,,,,,,,,,,,,,,,,,,,,,,,,,,,,,,,,
,,,,,,,,,,,,,,,,,,,,,,,,,,,,,,,,,,,,,
,,,,,,,,,,,,,,,,,,,,,,,,,,,,,,,,,,,,,
,,,,,,,,,,,,,,,,,,,,,,,,,,,,,,,,,,,,,
,,,,,,,,,,,,,,,,,,,,,,,,,,,,,,,,,,,,,
,,,,,,,,,,,,,,,,,,,,,,,,,,,,,,,,,,,,,
,,,,,,,,,,,,,,,,,,,,,,,,,,,,,,,,,,,,,
,,,,,,,,,,,,,,,,,,,,,,,,,,,,,,,,,,,,,
,,,,,,,,,,,,,,,,,,,,,,,,,,,,,,,,,,,,,
,,,,,,,,,,,,,,,,,,,,,,,,,,,,,,,,,,,,,
,,,,,,,,,,,,,,,,,,,,,,,,,,,,,,,,,,,,,
,,,,,,,,,,,,,,,,,,,,,,,,,,,,,,,,,,,,,
,,,,,,,,,,,,,,,,,,,,,,,,,,,,,,,,,,,,,
,,,,,,,,,,,,,,,,,,,,,,,,,,,,,,,,,,,,,
,,,,,,,,,,,,,,,,,,,,,,,,,,,,,,,,,,,,,
,,,,,,,,,,,,,,,,,,,,,,,,,,,,,,,,,,,,,
,,,,,,,,,,,,,,,,,,,,,,,,,,,,,,,,,,,,,
,,,,,,,,,,,,,,,,,,,,,,,,,,,,,,,,,,,,,
,,,,,,,,,,,,,,,,,,,,,,,,,,,,,,,,,,,,,
,,,,,,,,,,,,,,,,,,,,,,,,,,,,,,,,,,,,,
,,,,,,,,,,,,,,,,,,,,,,,,,,,,,,,,,,,,,
,,,,,,,,,,,,,,,,,,,,,,,,,,,,,,,,,,,,,
,,,,,,,,,,,,,,,,,,,,,,,,,,,,,,,,,,,,,
,,,,,,,,,,,,,,,,,,,,,,,,,,,,,,,,,,,,,
,,,,,,,,,,,,,,,,,,,,,,,,,,,,,,,,,,,,,
,,,,,,,,,,,,,,,,,,,,,,,,,,,,,,,,,,,,,
,,,,,,,,,,,,,,,,,,,,,,,,,,,,,,,,,,,,,
,,,,,,,,,,,,,,,,,,,,,,,,,,,,,,,,,,,,,
,,,,,,,,,,,,,,,,,,,,,,,,,,,,,,,,,,,,,
,,,,,,,,,,,,,,,,,,,,,,,,,,,,,,,,,,,,,
,,,,,,,,,,,,,,,,,,,,,,,,,,,,,,,,,,,,,
,,,,,,,,,,,,,,,,,,,,,,,,,,,,,,,,,,,,,
,,,,,,,,,,,,,,,,,,,,,,,,,,,,,,,,,,,,,
,,,,,,,,,,,,,,,,,,,,,,,,,,,,,,,,,,,,,
,,,,,,,,,,,,,,,,,,,,,,,,,,,,,,,,,,,,,
,,,,,,,,,,,,,,,,,,,,,,,,,,,,,,,,,,,,,
,,,,,,,,,,,,,,,,,,,,,,,,,,,,,,,,,,,,,
,,,,,,,,,,,,,,,,,,,,,,,,,,,,,,,,,,,,,
,,,,,,,,,,,,,,,,,,,,,,,,,,,,,,,,,,,,,
,,,,,,,,,,,,,,,,,,,,,,,,,,,,,,,,,,,,,
,,,,,,,,,,,,,,,,,,,,,,,,,,,,,,,,,,,,,
,,,,,,,,,,,,,,,,,,,,,,,,,,,,,,,,,,,,,
,,,,,,,,,,,,,,,,,,,,,,,,,,,,,,,,,,,,,
,,,,,,,,,,,,,,,,,,,,,,,,,,,,,,,,,,,,,
,,,,,,,,,,,,,,,,,,,,,,,,,,,,,,,,,,,,,
,,,,,,,,,,,,,,,,,,,,,,,,,,,,,,,,,,,,,
,,,,,,,,,,,,,,,,,,,,,,,,,,,,,,,,,,,,,
,,,,,,,,,,,,,,,,,,,,,,,,,,,,,,,,,,,,,
,,,,,,,,,,,,,,,,,,,,,,,,,,,,,,,,,,,,,
,,,,,,,,,,,,,,,,,,,,,,,,,,,,,,,,,,,,,
,,,,,,,,,,,,,,,,,,,,,,,,,,,,,,,,,,,,,
,,,,,,,,,,,,,,,,,,,,,,,,,,,,,,,,,,,,,
,,,,,,,,,,,,,,,,,,,,,,,,,,,,,,,,,,,,,
,,,,,,,,,,,,,,,,,,,,,,,,,,,,,,,,,,,,,
,,,,,,,,,,,,,,,,,,,,,,,,,,,,,,,,,,,,,
,,,,,,,,,,,,,,,,,,,,,,,,,,,,,,,,,,,,,
,,,,,,,,,,,,,,,,,,,,,,,,,,,,,,,,,,,,,
,,,,,,,,,,,,,,,,,,,,,,,,,,,,,,,,,,,,,
,,,,,,,,,,,,,,,,,,,,,,,,,,,,,,,,,,,,,
,,,,,,,,,,,,,,,,,,,,,,,,,,,,,,,,,,,,,
,,,,,,,,,,,,,,,,,,,,,,,,,,,,,,,,,,,,,
,,,,,,,,,,,,,,,,,,,,,,,,,,,,,,,,,,,,,
,,,,,,,,,,,,,,,,,,,,,,,,,,,,,,,,,,,,,
,,,,,,,,,,,,,,,,,,,,,,,,,,,,,,,,,,,,,
,,,,,,,,,,,,,,,,,,,,,,,,,,,,,,,,,,,,,
,,,,,,,,,,,,,,,,,,,,,,,,,,,,,,,,,,,,,